"Province","","","District","","","","AccountType","","","FinancialInstitutionName","","","","FinancialInstitutionBranchName","","","","TypeofDocument","","","","","","CountryName","","","BranchName","","","Relationship","","","Title","","","CustomerStatus","","","Gender","","","BusinessPremisesType","","","","EntityType","","","Sector",""
"ProvinceId","Province","","DistrictId","District","ProvinceId","","AccountTypeId","AccountType","","FinanialInstitutionId","FIName","","","FIBranchId","FinanialInstitutionId","FIBranchName","","DocumentTypeId","DocumentType","","","","","CountryCode","Country","","BranchId","BranchName","","RelationId","RelationName","","TitleCode","Title","","CustomerStatusId","CustomerStatus","","GenderId","Gender","","BusinessPremisesTypeId","BusinessPremisesType","","","EntityTypeId","EntityType","","SectorId","Sector"
"1","Central","","1","Chinsali","10","","1","Current","","BNK20200430000000002","AB Bank","","","100","BNK20201490000000622","Banking Society Business Park","","2","Business Registration Certificate (PACRA)","","","","","ZW","Zambia","","13","Lusaka - HQ","","1","Friend","","1","Mr.","","1","Active","","1","Male","","1","Rented","","","1","Limited Co","","1","Manufacturing"
"2","Copperbelt","","2","Chama","10","","2","Savings","","BNK20200430000000006","Access Bank","","","101","BNK20201490000000622","Mufulira","","3","Business Registration Certificate (City Council)","","","","","","","","14","Kitwe","","2","Grandmother","","2","Mrs.","","2","Dormant","","2","Female","","2","Owned","","","2","Sole Proprietor","","2","Agriculture"
"3","Eastern","","3","Isoka","10","","","","","BNK20200430000000007","Atlas Mara Bank","","","102","BNK20201490000000622","Mpika","","6","NRC ID (Client)","","","","","","","","15","Livingstone","","3","Sister-in-law","","3","Miss.","","3","BlackListed","","3","Others","","","","","","3","Partnership","","3","Mining"
"4","Luapula","","4","Mafinga","10","","","","","BNK20200430000000008","Bank of China","","","103","BNK20201490000000622","Mansa","","7","NRC ID (Spouse)","","","","","","","","16","Kasama","","4","Brother-in-law","","4","Ms.","","4","Deceased","","","","","","","","","4","Club","","4","Tourism"
"5","Lusaka","","5","Mpika","10","","","","","BNK20200440000000035","ABSA Zambia","","","104","BNK20201490000000622","Kapiri Mposhi","","14","Board Resolution to borrow ","","","","","","","","17","Solwezi","","5","Owner","","5","Dr.","","5","InActive","","","","","","","","","5","Others","","5","Energy"
"6","North-Western","","6","Nakonde","10","","","","","BNK20200440000000036","Cavmont Bank","","","105","BNK20201490000000622","Livingstone","","15","Company profile and details of directors","","","","","","","","18","Ndola","","6","Wife","","","","","","","","","","","","","","","","","","6","Construction"
"7","Northern","","7","Shiwang’andu","10","","","","","BNK20200450000000043","Citibank Zambia","","","106","BNK20201490000000622","Mazabuka","","16","Articles of Association","","","","","","","","19","Mansa","","7","Husband","","","","","","","","","","","","","","","","","","7","Transportation"
"8","Southern","","8","Lavushimanda","10","","","","","BNK20200450000000044","Ecobank","","","107","BNK20201490000000622","Mongu","","17","Passport","","","","","","","","20","Mongu","","8","Daughter","","","","","","","","","","","","","","","","","","8","Telecommunication"
"9","Western","","9","Kanchibiya","10","","","","","BNK20200450000000046","First Alliance Bank","","","108","BNK20201490000000622","Luanshya","","18","Payslip (Last 3 months)","","","","","","","","21","Choma","","9","Son","","","","","","","","","","","","","","","","","","9","IT Services"
"10","Muchinga","","10","Chadiza","3","","","","","BNK20200450000000049","First Capital Bank","","","109","BNK20201490000000622","Solwezi","","27","Work Permit","","","","","","","","22","Chipata","","10","Sister","","","","","","","","","","","","","","","","","","10","Education"
"11","Others","","11","Chama","3","","","","","BNK20200480000000053","First National Bank","","","110","BNK20201490000000622","Kasama","","28","Residence Permit","","","","","","","","23","Lusaka CBD","","11","Brother","","","","","","","","","","","","","","","","","","11","HealthCare"
"","","","12","Chasefu","3","","","","","BNK20200520000000062","Indo Zambia Bank","","","111","BNK20201490000000622","Society House","","29","Employment Contract","","","","","","","","24","Kabwe","","12","Stepmother","","","","","","","","","","","","","","","","","","12","Others"
"","","","13","Chipangali","3","","","","","BNK20200520000000065","Intermarket Banking Corporation","","","112","BNK20201490000000622","Permanent House","","30","Order Copies","","","","","","","","","","","13","Mother","","","","","","","","","","","","","","","","","","",""
"","","","14","Chipata","3","","","","","BNK20200550000000081","Investrust Bank","","","113","BNK20201490000000622","Kabwe","","","","","","","","","","","","","","14","Husband","","","","","","","","","","","","","","","","","","",""
"","","","15","Kasenengwa","3","","","","","BNK20200590000000113","Stanbic Bank Zambia","","","114","BNK20201490000000622","Chipata","","","","","","","","","","","","","","15","Girlfriend","","","","","","","","","","","","","","","","","","",""
"","","","16","Katete","3","","","","","BNK20200590000000119","Standard Chartered Bank Zambia","","","115","BNK20201490000000622","Choma","","","","","","","","","","","","","","16","Boyfriend","","","","","","","","","","","","","","","","","","",""
"","","","17","Lumezi","3","","","","","BNK20200590000000120","The United Bank of Zambia","","","116","BNK20201490000000622","Soweto Agency","","","","","","","","","","","","","","17","Bride","","","","","","","","","","","","","","","","","","",""
"","","","18","Lundazi","3","","","","","BNK20200590000000121","United Bank for Africa","","","117","BNK20201490000000622","Chililabombwe","","","","","","","","","","","","","","18","Groom","","","","","","","","","","","","","","","","","","",""
"","","","19","Lusangazi","3","","","","","BNK20200590000000122","Zambia Industrial Commercial Bank","","","118","BNK20201490000000622","Chingola","","","","","","","","","","","","","","19","Father","","","","","","","","","","","","","","","","","","",""
"","","","20","Mambwe","3","","","","","BNK20200590000000123","Zambia National Commercial Bank","","","119","BNK20201490000000622","Nyimba","","","","","","","","","","","","","","20","Relative","","","","","","","","","","","","","","","","","","",""
"","","","21","Nyimba","3","","","","","BNK20200690000000253","New Bank","","","120","BNK20201490000000622","Kitwe","","","","","","","","","","","","","","21","Cousin (female)","","","","","","","","","","","","","","","","","","",""
"","","","22","Petauke","3","","","","","BNK20200760000000614","National Savings and Credit Bank","","","121","BNK20201490000000622","Ndola","","","","","","","","","","","","","","22","Cousin (Male)","","","","","","","","","","","","","","","","","","",""
"","","","23","Sinda District","3","","","","","BNK20200830000000616","Absa","","","BRH20200430000000002","BNK20200430000000002","Head Office","","","","","","","","","","","","","","23","Nephew","","","","","","","","","","","","","","","","","","",""
"","","","24","Vubwi ","3","","","","","BNK20201490000000621","Natsave","","","BRH20200430000000003","BNK20200430000000002","Cairo Main","","","","","","","","","","","","","","24","Aunt","","","","","","","","","","","","","","","","","","",""
"","","","25","Chikankata","8","","","","","BNK20201490000000622","ZNBS","","","BRH20200430000000004","BNK20200430000000002","Chilenje","","","","","","","","","","","","","","","","","","","","","","","","","","","","","","","","","",""
"","","","26","Choma","8","","","","","BNK20203020000000662","Access Bank Zambia Limited","","","BRH20200430000000005","BNK20200430000000002","Matero","","","","","","","","","","","","","","","","","","","","","","","","","","","","","","","","","",""
"","","","27","Chirundu","8","","","","","BNK20213160000000663","Bayport Financial Services","","","BRH20200440000000041","BNK20200430000000002","Kalinglinga","","","","","","","","","","","","","","","","","","","","","","","","","","","","","","","","","",""
"","","","28","Gwembe ","8","","","","","BNK20222300000000664","FAB","","","BRH20200440000000044","BNK20200430000000002","Chelston","","","","","","","","","","","","","","","","","","","","","","","","","","","","","","","","","",""
"","","","29","Ithezi Tehzi","8","","","","","","","","","BRH20200600000000196","BNK20200430000000006","Head Office","","","","","","","","","","","","","","","","","","","","","","","","","","","","","","","","","",""
"","","","30","Kalomo","8","","","","","","","","","BRH20200600000000197","BNK20200430000000006","Cairo Road","","","","","","","","","","","","","","","","","","","","","","","","","","","","","","","","","",""
"","","","31","Kazungula","8","","","","","","","","","BRH20200600000000198","BNK20200430000000006","Longacres","","","","","","","","","","","","","","","","","","","","","","","","","","","","","","","","","",""
"","","","32","Mazabuka","8","","","","","","","","","BRH20200600000000199","BNK20200430000000006","Acacia","","","","","","","","","","","","","","","","","","","","","","","","","","","","","","","","","",""
"","","","33","Monze","8","","","","","","","","","BRH20200600000000200","BNK20200430000000006","Makeni","","","","","","","","","","","","","","","","","","","","","","","","","","","","","","","","","",""
"","","","34","Namwala","8","","","","","","","","","BRH20200600000000201","BNK20200430000000006","Ndola","","","","","","","","","","","","","","","","","","","","","","","","","","","","","","","","","",""
"","","","35","Livingstone","8","","","","","","","","","BRH20200600000000202","BNK20200430000000006","Kitwe","","","","","","","","","","","","","","","","","","","","","","","","","","","","","","","","","",""
"","","","36","Pemba","8","","","","","","","","","BRH20200600000000203","BNK20200430000000006","Solwezi","","","","","","","","","","","","","","","","","","","","","","","","","","","","","","","","","",""
"","","","37","Siavonga","8","","","","","","","","","BRH20200600000000204","BNK20200430000000007","Head Office","","","","","","","","","","","","","","","","","","","","","","","","","","","","","","","","","",""
"","","","38","Sinazongwe","8","","","","","","","","","BRH20200720000000071","BNK20200430000000002","Garden","","","","","","","","","","","","","","","","","","","","","","","","","","","","","","","","","",""
"","","","39","Zimba","8","","","","","","","","","BRH20200720000000072","BNK20200430000000002","Kitwe","","","","","","","","","","","","","","","","","","","","","","","","","","","","","","","","","",""
"","","","40","Kabwe","1","","","","","","","","","BRH20200760000000256","BNK20200430000000008","Lusaka","","","","","","","","","","","","","","","","","","","","","","","","","","","","","","","","","",""
"","","","41","Chibombo","1","","","","","","","","","BRH20200760000000257","BNK20200430000000008","Kitwe","","","","","","","","","","","","","","","","","","","","","","","","","","","","","","","","","",""
"","","","42","Itezhi-tezhi","1","","","","","","","","","BRH20200760000000258","BNK20200440000000035","Head Office","","","","","","","","","","","","","","","","","","","","","","","","","","","","","","","","","",""
"","","","43","Shibuyunji","1","","","","","","","","","BRH20200760000000259","BNK20200440000000035","Head Office - Elunda","","","","","","","","","","","","","","","","","","","","","","","","","","","","","","","","","",""
"","","","44","Kapiri Mposhi","1","","","","","","","","","BRH20200760000000260","BNK20200440000000035","Lusaka - Kamwala","","","","","","","","","","","","","","","","","","","","","","","","","","","","","","","","","",""
"","","","45","Chitambo","1","","","","","","","","","BRH20200760000000261","BNK20200440000000035","Lusaka - Northend","","","","","","","","","","","","","","","","","","","","","","","","","","","","","","","","","",""
"","","","46","Luano","1","","","","","","","","","BRH20200760000000262","BNK20200440000000035","Lusaka - Matero","","","","","","","","","","","","","","","","","","","","","","","","","","","","","","","","","",""
"","","","47","Mkushi","1","","","","","","","","","BRH20200760000000263","BNK20200440000000035","Lusaka Business Centre","","","","","","","","","","","","","","","","","","","","","","","","","","","","","","","","","",""
"","","","48","Mumbwa","1","","","","","","","","","BRH20200760000000264","BNK20200440000000035","Lusaka Longacres","","","","","","","","","","","","","","","","","","","","","","","","","","","","","","","","","",""
"","","","49","Ngabwe","1","","","","","","","","","BRH20200760000000265","BNK20200440000000035","Chilenje","","","","","","","","","","","","","","","","","","","","","","","","","","","","","","","","","",""
"","","","50","Chisamba","1","","","","","","","","","BRH20200760000000266","BNK20200440000000035","Lusaka Industrial","","","","","","","","","","","","","","","","","","","","","","","","","","","","","","","","","",""
"","","","51","Serenje","1","","","","","","","","","BRH20200760000000267","BNK20200440000000035","University of Zambia Lusaka","","","","","","","","","","","","","","","","","","","","","","","","","","","","","","","","","",""
"","","","52","Chilubi","7","","","","","","","","","BRH20200760000000268","BNK20200440000000035","Soweto","","","","","","","","","","","","","","","","","","","","","","","","","","","","","","","","","",""
"","","","53","Kaputa ","7","","","","","","","","","BRH20200760000000269","BNK20200440000000035","Chelstone","","","","","","","","","","","","","","","","","","","","","","","","","","","","","","","","","",""
"","","","54","Kasama","7","","","","","","","","","BRH20200760000000270","BNK20200440000000035","Kabwata","","","","","","","","","","","","","","","","","","","","","","","","","","","","","","","","","",""
"","","","55","Luwingu","7","","","","","","","","","BRH20200760000000271","BNK20200440000000035","Lusaka - Chawama","","","","","","","","","","","","","","","","","","","","","","","","","","","","","","","","","",""
"","","","56","Mbala ","7","","","","","","","","","BRH20200760000000272","BNK20200440000000035","Manda Hill","","","","","","","","","","","","","","","","","","","","","","","","","","","","","","","","","",""
"","","","57","Mporokoso","7","","","","","","","","","BRH20200760000000273","BNK20200440000000035","Lusaka Operation Processing Centre","","","","","","","","","","","","","","","","","","","","","","","","","","","","","","","","","",""
"","","","58","Mpulungu","7","","","","","","","","","BRH20200760000000274","BNK20200440000000035","Kabelenga","","","","","","","","","","","","","","","","","","","","","","","","","","","","","","","","","",""
"","","","59","Mungwi","7","","","","","","","","","BRH20200760000000275","BNK20200440000000035","Elunda Premium Banking Centre","","","","","","","","","","","","","","","","","","","","","","","","","","","","","","","","","",""
"","","","60","Lupososhi","7","","","","","","","","","BRH20200760000000276","BNK20200440000000035","Ndola Business Centre","","","","","","","","","","","","","","","","","","","","","","","","","","","","","","","","","",""
"","","","61","Senga Hill","7","","","","","","","","","BRH20200760000000277","BNK20200440000000035","Ndola Operations Processing Centre","","","","","","","","","","","","","","","","","","","","","","","","","","","","","","","","","",""
"","","","62","Lunte","7","","","","","","","","","BRH20200760000000278","BNK20200440000000035","Ndola - Masala","","","","","","","","","","","","","","","","","","","","","","","","","","","","","","","","","",""
"","","","63","Nsama","7","","","","","","","","","BRH20200760000000279","BNK20200440000000035","Kitwe Business Centre","","","","","","","","","","","","","","","","","","","","","","","","","","","","","","","","","",""
"","","","64","Chilanga","5","","","","","","","","","BRH20200760000000280","BNK20200440000000035","Kitwe Chimwemwe","","","","","","","","","","","","","","","","","","","","","","","","","","","","","","","","","",""
"","","","65","Chongwe","5","","","","","","","","","BRH20200760000000281","BNK20200440000000035","Kitwe Parklands Center","","","","","","","","","","","","","","","","","","","","","","","","","","","","","","","","","",""
"","","","66","Kafue ","5","","","","","","","","","BRH20200760000000282","BNK20200440000000035","Kitwe Operations Processing Centre","","","","","","","","","","","","","","","","","","","","","","","","","","","","","","","","","",""
"","","","67","Luangwa","5","","","","","","","","","BRH20200760000000283","BNK20200440000000035","Chingola & Prestige","","","","","","","","","","","","","","","","","","","","","","","","","","","","","","","","","",""
"","","","68","Lusaka","5","","","","","","","","","BRH20200760000000284","BNK20200440000000035","Chililabombwe","","","","","","","","","","","","","","","","","","","","","","","","","","","","","","","","","",""
"","","","69","Rufunsa","5","","","","","","","","","BRH20200760000000285","BNK20200440000000035","Mufulira & Prestige","","","","","","","","","","","","","","","","","","","","","","","","","","","","","","","","","",""
"","","","70","Chembe","4","","","","","","","","","BRH20200760000000286","BNK20200440000000035","Kalulushi","","","","","","","","","","","","","","","","","","","","","","","","","","","","","","","","","",""
"","","","71","Chiengi","4","","","","","","","","","BRH20200760000000287","BNK20200440000000035","Luanshya","","","","","","","","","","","","","","","","","","","","","","","","","","","","","","","","","",""
"","","","72","Chifunabuli","4","","","","","","","","","BRH20200760000000288","BNK20200440000000035","Kasama","","","","","","","","","","","","","","","","","","","","","","","","","","","","","","","","","",""
"","","","73","Chipili","4","","","","","","","","","BRH20200760000000289","BNK20200440000000035","Kabwe & Prestige","","","","","","","","","","","","","","","","","","","","","","","","","","","","","","","","","",""
"","","","74","Kawambwa","4","","","","","","","","","BRH20200760000000290","BNK20200440000000035","Livingstone","","","","","","","","","","","","","","","","","","","","","","","","","","","","","","","","","",""
"","","","75","Lunga","4","","","","","","","","","BRH20200760000000291","BNK20200440000000035","Chipata","","","","","","","","","","","","","","","","","","","","","","","","","","","","","","","","","",""
"","","","76","Mansa","4","","","","","","","","","BRH20200760000000292","BNK20200440000000035","Choma","","","","","","","","","","","","","","","","","","","","","","","","","","","","","","","","","",""
"","","","77","Milenge","4","","","","","","","","","BRH20200760000000293","BNK20200440000000035","Mbala","","","","","","","","","","","","","","","","","","","","","","","","","","","","","","","","","",""
"","","","78","Mwansabombwe","4","","","","","","","","","BRH20200760000000294","BNK20200440000000035","Nakonde","","","","","","","","","","","","","","","","","","","","","","","","","","","","","","","","","",""
"","","","79","Mwense","4","","","","","","","","","BRH20200760000000295","BNK20200440000000035","Mpika","","","","","","","","","","","","","","","","","","","","","","","","","","","","","","","","","",""
"","","","80","Nchelenge","4","","","","","","","","","BRH20200760000000296","BNK20200440000000035","Mansa","","","","","","","","","","","","","","","","","","","","","","","","","","","","","","","","","",""
"","","","81","Samfya","4","","","","","","","","","BRH20200760000000297","BNK20200440000000035","Mkushi","","","","","","","","","","","","","","","","","","","","","","","","","","","","","","","","","",""
"","","","82","Kaoma","9","","","","","","","","","BRH20200760000000298","BNK20200440000000035","Kapiri Mposhi","","","","","","","","","","","","","","","","","","","","","","","","","","","","","","","","","",""
"","","","83","Kalabo ","9","","","","","","","","","BRH20200760000000299","BNK20200440000000035","Lundazi","","","","","","","","","","","","","","","","","","","","","","","","","","","","","","","","","",""
"","","","84","Limulunga ","9","","","","","","","","","BRH20200760000000300","BNK20200440000000035","Mfuwe","","","","","","","","","","","","","","","","","","","","","","","","","","","","","","","","","",""
"","","","85","Luampa ","9","","","","","","","","","BRH20200760000000301","BNK20200440000000035","Solwezi","","","","","","","","","","","","","","","","","","","","","","","","","","","","","","","","","",""
"","","","86","Lukulu ","9","","","","","","","","","BRH20200760000000302","BNK20200440000000035","Mongu","","","","","","","","","","","","","","","","","","","","","","","","","","","","","","","","","",""
"","","","87","Mitete ","9","","","","","","","","","BRH20200760000000303","BNK20200440000000035","Kafue","","","","","","","","","","","","","","","","","","","","","","","","","","","","","","","","","",""
"","","","88","Mongu ","9","","","","","","","","","BRH20200760000000304","BNK20200440000000035","Chirundu","","","","","","","","","","","","","","","","","","","","","","","","","","","","","","","","","",""
"","","","89","Mulobezi ","9","","","","","","","","","BRH20200760000000305","BNK20200440000000035","Mazabuka","","","","","","","","","","","","","","","","","","","","","","","","","","","","","","","","","",""
"","","","90","Mwandi ","9","","","","","","","","","BRH20200760000000306","BNK20200440000000035","Monze","","","","","","","","","","","","","","","","","","","","","","","","","","","","","","","","","",""
"","","","91","Nalolo ","9","","","","","","","","","BRH20200760000000307","BNK20200440000000035","Kalomo","","","","","","","","","","","","","","","","","","","","","","","","","","","","","","","","","",""
"","","","92","Nkeyema ","9","","","","","","","","","BRH20200760000000308","BNK20200440000000035","Petauke","","","","","","","","","","","","","","","","","","","","","","","","","","","","","","","","","",""
"","","","93","Senanga ","9","","","","","","","","","BRH20200760000000309","BNK20200440000000035","Chongwe","","","","","","","","","","","","","","","","","","","","","","","","","","","","","","","","","",""
"","","","94","Sesheke ","9","","","","","","","","","BRH20200760000000310","BNK20200440000000035","Katete","","","","","","","","","","","","","","","","","","","","","","","","","","","","","","","","","",""
"","","","95","Shangombo ","9","","","","","","","","","BRH20200760000000311","BNK20200440000000035","Chambishi","","","","","","","","","","","","","","","","","","","","","","","","","","","","","","","","","",""
"","","","96","Sikongo ","9","","","","","","","","","BRH20200760000000312","BNK20200440000000035","Mumbwa","","","","","","","","","","","","","","","","","","","","","","","","","","","","","","","","","",""
"","","","97","Sioma ","9","","","","","","","","","BRH20200760000000313","BNK20200440000000036","Head Office","","","","","","","","","","","","","","","","","","","","","","","","","","","","","","","","","",""
"","","","98","Chililabombwe ","2","","","","","","","","","BRH20200760000000314","BNK20200440000000036","Lusaka Square","","","","","","","","","","","","","","","","","","","","","","","","","","","","","","","","","",""
"","","","99","Chingola ","2","","","","","","","","","BRH20200760000000315","BNK20200440000000036","Lusaka South End","","","","","","","","","","","","","","","","","","","","","","","","","","","","","","","","","",""
"","","","100","Kalulushi ","2","","","","","","","","","BRH20200760000000316","BNK20200440000000036","Kalingalinga","","","","","","","","","","","","","","","","","","","","","","","","","","","","","","","","","",""
"","","","101","Kitwe ","2","","","","","","","","","BRH20200760000000317","BNK20200440000000036","Tazara","","","","","","","","","","","","","","","","","","","","","","","","","","","","","","","","","",""
"","","","102","Luanshya ","2","","","","","","","","","BRH20200760000000318","BNK20200440000000036","Garden","","","","","","","","","","","","","","","","","","","","","","","","","","","","","","","","","",""
"","","","103","Lufwanyama ","2","","","","","","","","","BRH20200760000000319","BNK20200440000000036","Makumbi","","","","","","","","","","","","","","","","","","","","","","","","","","","","","","","","","",""
"","","","104","Masaiti ","2","","","","","","","","","BRH20200760000000320","BNK20200440000000036","Bread of Life","","","","","","","","","","","","","","","","","","","","","","","","","","","","","","","","","",""
"","","","105","Mpongwe","2","","","","","","","","","BRH20200760000000321","BNK20200440000000036","Ndola","","","","","","","","","","","","","","","","","","","","","","","","","","","","","","","","","",""
"","","","106","Mufulira ","2","","","","","","","","","BRH20200760000000322","BNK20200440000000036","Kitwe","","","","","","","","","","","","","","","","","","","","","","","","","","","","","","","","","",""
"","","","107","Ndola ","2","","","","","","","","","BRH20200760000000323","BNK20200440000000036","Kitwe Agency","","","","","","","","","","","","","","","","","","","","","","","","","","","","","","","","","",""
"","","","108","Chambishi","2","","","","","","","","","BRH20200760000000324","BNK20200440000000036","Chililabombwe","","","","","","","","","","","","","","","","","","","","","","","","","","","","","","","","","",""
"","","","109","Chavuma","6","","","","","","","","","BRH20200760000000325","BNK20200440000000036","Chingola","","","","","","","","","","","","","","","","","","","","","","","","","","","","","","","","","",""
"","","","110","Ikelenge","6","","","","","","","","","BRH20200760000000326","BNK20200440000000036","Kasama","","","","","","","","","","","","","","","","","","","","","","","","","","","","","","","","","",""
"","","","111","Kabompo ","6","","","","","","","","","BRH20200760000000327","BNK20200440000000036","Chipata","","","","","","","","","","","","","","","","","","","","","","","","","","","","","","","","","",""
"","","","112","Kalumbila","6","","","","","","","","","BRH20200760000000328","BNK20200440000000036","Mpulungu","","","","","","","","","","","","","","","","","","","","","","","","","","","","","","","","","",""
"","","","113","Kasempa","6","","","","","","","","","BRH20200760000000329","BNK20200440000000036","Mbala","","","","","","","","","","","","","","","","","","","","","","","","","","","","","","","","","",""
"","","","114","Manyinga","6","","","","","","","","","BRH20200760000000330","BNK20200440000000036","Mansa","","","","","","","","","","","","","","","","","","","","","","","","","","","","","","","","","",""
"","","","115","Mufumbwe","6","","","","","","","","","BRH20200760000000331","BNK20200440000000036","Solwezi","","","","","","","","","","","","","","","","","","","","","","","","","","","","","","","","","",""
"","","","116","Mushindamo","6","","","","","","","","","BRH20200760000000332","BNK20200440000000036","Mufumbwe","","","","","","","","","","","","","","","","","","","","","","","","","","","","","","","","","",""
"","","","117","Mwinilunga","6","","","","","","","","","BRH20200760000000333","BNK20200440000000036","Mwense","","","","","","","","","","","","","","","","","","","","","","","","","","","","","","","","","",""
"","","","118","Solwezi","6","","","","","","","","","BRH20200760000000334","BNK20200450000000043","Lusaka","","","","","","","","","","","","","","","","","","","","","","","","","","","","","","","","","",""
"","","","119","Zambezi","6","","","","","","","","","BRH20200760000000335","BNK20200450000000043","Mcommerce","","","","","","","","","","","","","","","","","","","","","","","","","","","","","","","","","",""
"","","","","","","","","","","","","","","BRH20200760000000338","BNK20200450000000043","Permanent House","","","","","","","","","","","","","","","","","","","","","","","","","","","","","","","","","",""
"","","","","","","","","","","","","","","BRH20200760000000339","BNK20200450000000043","Society House","","","","","","","","","","","","","","","","","","","","","","","","","","","","","","","","","",""
"","","","","","","","","","","","","","","BRH20200760000000340","BNK20200450000000043","Soweto Agency","","","","","","","","","","","","","","","","","","","","","","","","","","","","","","","","","",""
"","","","","","","","","","","","","","","BRH20200760000000341","BNK20200450000000043","Ndola","","","","","","","","","","","","","","","","","","","","","","","","","","","","","","","","","",""
"","","","","","","","","","","","","","","BRH20200760000000342","BNK20200450000000043","Ndola Branch","","","","","","","","","","","","","","","","","","","","","","","","","","","","","","","","","",""
"","","","","","","","","","","","","","","BRH20200760000000343","BNK20200450000000043","Kitwe","","","","","","","","","","","","","","","","","","","","","","","","","","","","","","","","","",""
"","","","","","","","","","","","","","","BRH20200760000000344","BNK20200450000000043","Chililabombwe","","","","","","","","","","","","","","","","","","","","","","","","","","","","","","","","","",""
"","","","","","","","","","","","","","","BRH20200760000000345","BNK20200450000000043","Mufulira","","","","","","","","","","","","","","","","","","","","","","","","","","","","","","","","","",""
"","","","","","","","","","","","","","","BRH20200760000000346","BNK20200450000000043","Luanshya","","","","","","","","","","","","","","","","","","","","","","","","","","","","","","","","","",""
"","","","","","","","","","","","","","","BRH20200760000000347","BNK20200450000000043","Kasama","","","","","","","","","","","","","","","","","","","","","","","","","","","","","","","","","",""
"","","","","","","","","","","","","","","BRH20200760000000348","BNK20200450000000043","Chingola","","","","","","","","","","","","","","","","","","","","","","","","","","","","","","","","","",""
"","","","","","","","","","","","","","","BRH20200760000000349","BNK20200450000000043","Livingstone","","","","","","","","","","","","","","","","","","","","","","","","","","","","","","","","","",""
"","","","","","","","","","","","","","","BRH20200760000000350","BNK20200450000000043","Chipata","","","","","","","","","","","","","","","","","","","","","","","","","","","","","","","","","",""
"","","","","","","","","","","","","","","BRH20200760000000351","BNK20200450000000043","Choma","","","","","","","","","","","","","","","","","","","","","","","","","","","","","","","","","",""
"","","","","","","","","","","","","","","BRH20200760000000352","BNK20200450000000043","Mpika","","","","","","","","","","","","","","","","","","","","","","","","","","","","","","","","","",""
"","","","","","","","","","","","","","","BRH20200760000000353","BNK20200450000000043","Mansa","","","","","","","","","","","","","","","","","","","","","","","","","","","","","","","","","",""
"","","","","","","","","","","","","","","BRH20200760000000354","BNK20200450000000043","Kapiri Mposhi","","","","","","","","","","","","","","","","","","","","","","","","","","","","","","","","","",""
"","","","","","","","","","","","","","","BRH20200760000000355","BNK20200450000000043","Solwezi","","","","","","","","","","","","","","","","","","","","","","","","","","","","","","","","","",""
"","","","","","","","","","","","","","","BRH20200760000000356","BNK20200450000000043","Mongu","","","","","","","","","","","","","","","","","","","","","","","","","","","","","","","","","",""
"","","","","","","","","","","","","","","BRH20200760000000357","BNK20200450000000043","Mazabuka","","","","","","","","","","","","","","","","","","","","","","","","","","","","","","","","","",""
"","","","","","","","","","","","","","","BRH20200760000000358","BNK20200450000000043","Nyimba","","","","","","","","","","","","","","","","","","","","","","","","","","","","","","","","","",""
"","","","","","","","","","","","","","","BRH20200760000000359","BNK20200450000000044","Branch","","","","","","","","","","","","","","","","","","","","","","","","","","","","","","","","","",""
"","","","","","","","","","","","","","","BRH20200760000000360","BNK20200450000000044","Head Office","","","","","","","","","","","","","","","","","","","","","","","","","","","","","","","","","",""
"","","","","","","","","","","","","","","BRH20200760000000361","BNK20200450000000044","Thabo Mbeki","","","","","","","","","","","","","","","","","","","","","","","","","","","","","","","","","",""
"","","","","","","","","","","","","","","BRH20200760000000362","BNK20200450000000044","Cairo Road","","","","","","","","","","","","","","","","","","","","","","","","","","","","","","","","","",""
"","","","","","","","","","","","","","","BRH20200760000000363","BNK20200450000000044","Woodlands","","","","","","","","","","","","","","","","","","","","","","","","","","","","","","","","","",""
"","","","","","","","","","","","","","","BRH20200760000000364","BNK20200450000000044","Industrial","","","","","","","","","","","","","","","","","","","","","","","","","","","","","","","","","",""
"","","","","","","","","","","","","","","BRH20200760000000365","BNK20200450000000044","Lumumba","","","","","","","","","","","","","","","","","","","","","","","","","","","","","","","","","",""
"","","","","","","","","","","","","","","BRH20200760000000366","BNK20200450000000044","Ndola","","","","","","","","","","","","","","","","","","","","","","","","","","","","","","","","","",""
"","","","","","","","","","","","","","","BRH20200760000000367","BNK20200450000000044","Kitwe","","","","","","","","","","","","","","","","","","","","","","","","","","","","","","","","","",""
"","","","","","","","","","","","","","","BRH20200760000000368","BNK20200450000000044","Copperbelt University","","","","","","","","","","","","","","","","","","","","","","","","","","","","","","","","","",""
"","","","","","","","","","","","","","","BRH20200760000000369","BNK20200450000000044","Mazabuka","","","","","","","","","","","","","","","","","","","","","","","","","","","","","","","","","",""
"","","","","","","","","","","","","","","BRH20200760000000370","BNK20200450000000044","Chibombo","","","","","","","","","","","","","","","","","","","","","","","","","","","","","","","","","",""
"","","","","","","","","","","","","","","BRH20200760000000371","BNK20200450000000046","Lusaka Main","","","","","","","","","","","","","","","","","","","","","","","","","","","","","","","","","",""
"","","","","","","","","","","","","","","BRH20200760000000372","BNK20200450000000046","Lusaka Head Office","","","","","","","","","","","","","","","","","","","","","","","","","","","","","","","","","",""
"","","","","","","","","","","","","","","BRH20200760000000373","BNK20200450000000046","Industrial","","","","","","","","","","","","","","","","","","","","","","","","","","","","","","","","","",""
"","","","","","","","","","","","","","","BRH20200760000000374","BNK20200450000000046","East Park","","","","","","","","","","","","","","","","","","","","","","","","","","","","","","","","","",""
"","","","","","","","","","","","","","","BRH20200760000000375","BNK20200450000000046","Ndola","","","","","","","","","","","","","","","","","","","","","","","","","","","","","","","","","",""
"","","","","","","","","","","","","","","BRH20200760000000376","BNK20200450000000046","Kitwe","","","","","","","","","","","","","","","","","","","","","","","","","","","","","","","","","",""
"","","","","","","","","","","","","","","BRH20200760000000377","BNK20200450000000049","Head Office","","","","","","","","","","","","","","","","","","","","","","","","","","","","","","","","","",""
"","","","","","","","","","","","","","","BRH20200760000000378","BNK20200450000000049","Industrial","","","","","","","","","","","","","","","","","","","","","","","","","","","","","","","","","",""
"","","","","","","","","","","","","","","BRH20200760000000379","BNK20200450000000049","Cairo","","","","","","","","","","","","","","","","","","","","","","","","","","","","","","","","","",""
"","","","","","","","","","","","","","","BRH20200760000000380","BNK20200450000000049","Lusaka Main","","","","","","","","","","","","","","","","","","","","","","","","","","","","","","","","","",""
"","","","","","","","","","","","","","","BRH20200760000000381","BNK20200450000000049","Makeni","","","","","","","","","","","","","","","","","","","","","","","","","","","","","","","","","",""
"","","","","","","","","","","","","","","BRH20200760000000382","BNK20200450000000049","Kamwala","","","","","","","","","","","","","","","","","","","","","","","","","","","","","","","","","",""
"","","","","","","","","","","","","","","BRH20200760000000383","BNK20200450000000049","Ndola","","","","","","","","","","","","","","","","","","","","","","","","","","","","","","","","","",""
"","","","","","","","","","","","","","","BRH20200760000000384","BNK20200450000000049","Kitwe","","","","","","","","","","","","","","","","","","","","","","","","","","","","","","","","","",""
"","","","","","","","","","","","","","","BRH20200760000000385","BNK20200520000000062","Head Office","","","","","","","","","","","","","","","","","","","","","","","","","","","","","","","","","",""
"","","","","","","","","","","","","","","BRH20200760000000386","BNK20200520000000062","Lusaka","","","","","","","","","","","","","","","","","","","","","","","","","","","","","","","","","",""
"","","","","","","","","","","","","","","BRH20200760000000387","BNK20200520000000062","Chilanga","","","","","","","","","","","","","","","","","","","","","","","","","","","","","","","","","",""
"","","","","","","","","","","","","","","BRH20200760000000388","BNK20200520000000062","Kamwala","","","","","","","","","","","","","","","","","","","","","","","","","","","","","","","","","",""
"","","","","","","","","","","","","","","BRH20200760000000389","BNK20200520000000062","North End","","","","","","","","","","","","","","","","","","","","","","","","","","","","","","","","","",""
"","","","","","","","","","","","","","","BRH20200760000000390","BNK20200520000000062","Lusaka Industrial","","","","","","","","","","","","","","","","","","","","","","","","","","","","","","","","","",""
"","","","","","","","","","","","","","","BRH20200760000000391","BNK20200520000000062","Chawama","","","","","","","","","","","","","","","","","","","","","","","","","","","","","","","","","",""
"","","","","","","","","","","","","","","BRH20200760000000392","BNK20200520000000062","Manda Hill","","","","","","","","","","","","","","","","","","","","","","","","","","","","","","","","","",""
"","","","","","","","","","","","","","","BRH20200760000000393","BNK20200520000000062","Chandwe Musonda","","","","","","","","","","","","","","","","","","","","","","","","","","","","","","","","","",""
"","","","","","","","","","","","","","","BRH20200760000000394","BNK20200520000000062","Crossroads Shopping Mall","","","","","","","","","","","","","","","","","","","","","","","","","","","","","","","","","",""
"","","","","","","","","","","","","","","BRH20200760000000395","BNK20200520000000062","Chilenje","","","","","","","","","","","","","","","","","","","","","","","","","","","","","","","","","",""
"","","","","","","","","","","","","","","BRH20200760000000396","BNK20200520000000062","Ndola","","","","","","","","","","","","","","","","","","","","","","","","","","","","","","","","","",""
"","","","","","","","","","","","","","","BRH20200760000000397","BNK20200520000000062","Jacaranda Mall","","","","","","","","","","","","","","","","","","","","","","","","","","","","","","","","","",""
"","","","","","","","","","","","","","","BRH20200760000000398","BNK20200520000000062","Kitwe","","","","","","","","","","","","","","","","","","","","","","","","","","","","","","","","","",""
"","","","","","","","","","","","","","","BRH20200760000000399","BNK20200520000000062","Copperhill","","","","","","","","","","","","","","","","","","","","","","","","","","","","","","","","","",""
"","","","","","","","","","","","","","","BRH20200760000000400","BNK20200520000000062","Chingola","","","","","","","","","","","","","","","","","","","","","","","","","","","","","","","","","",""
"","","","","","","","","","","","","","","BRH20200760000000401","BNK20200520000000062","Kasumbalesa","","","","","","","","","","","","","","","","","","","","","","","","","","","","","","","","","",""
"","","","","","","","","","","","","","","BRH20200760000000402","BNK20200520000000062","Kasama","","","","","","","","","","","","","","","","","","","","","","","","","","","","","","","","","",""
"","","","","","","","","","","","","","","BRH20200760000000403","BNK20200520000000062","Kabwe","","","","","","","","","","","","","","","","","","","","","","","","","","","","","","","","","",""
"","","","","","","","","","","","","","","BRH20200760000000404","BNK20200520000000062","Livingstone","","","","","","","","","","","","","","","","","","","","","","","","","","","","","","","","","",""
"","","","","","","","","","","","","","","BRH20200760000000405","BNK20200520000000062","Chipata","","","","","","","","","","","","","","","","","","","","","","","","","","","","","","","","","",""
"","","","","","","","","","","","","","","BRH20200760000000406","BNK20200520000000062","Choma","","","","","","","","","","","","","","","","","","","","","","","","","","","","","","","","","",""
"","","","","","","","","","","","","","","BRH20200760000000407","BNK20200520000000062","Chinsal","","","","","","","","","","","","","","","","","","","","","","","","","","","","","","","","","",""
"","","","","","","","","","","","","","","BRH20200760000000408","BNK20200520000000062","Mansa","","","","","","","","","","","","","","","","","","","","","","","","","","","","","","","","","",""
"","","","","","","","","","","","","","","BRH20200760000000409","BNK20200520000000062","Serenje","","","","","","","","","","","","","","","","","","","","","","","","","","","","","","","","","",""
"","","","","","","","","","","","","","","BRH20200760000000410","BNK20200520000000062","Lundazi","","","","","","","","","","","","","","","","","","","","","","","","","","","","","","","","","",""
"","","","","","","","","","","","","","","BRH20200760000000411","BNK20200520000000062","Solwezi","","","","","","","","","","","","","","","","","","","","","","","","","","","","","","","","","",""
"","","","","","","","","","","","","","","BRH20200760000000412","BNK20200520000000062","Mongu","","","","","","","","","","","","","","","","","","","","","","","","","","","","","","","","","",""
"","","","","","","","","","","","","","","BRH20200760000000413","BNK20200520000000062","Kafue","","","","","","","","","","","","","","","","","","","","","","","","","","","","","","","","","",""
"","","","","","","","","","","","","","","BRH20200760000000414","BNK20200520000000062","Zimba","","","","","","","","","","","","","","","","","","","","","","","","","","","","","","","","","",""
"","","","","","","","","","","","","","","BRH20200760000000415","BNK20200520000000062","Nyimba","","","","","","","","","","","","","","","","","","","","","","","","","","","","","","","","","",""
"","","","","","","","","","","","","","","BRH20200760000000416","BNK20200520000000062","Mungwi","","","","","","","","","","","","","","","","","","","","","","","","","","","","","","","","","",""
"","","","","","","","","","","","","","","BRH20200760000000425","BNK20200520000000065","Head Office","","","","","","","","","","","","","","","","","","","","","","","","","","","","","","","","","",""
"","","","","","","","","","","","","","","BRH20200760000000426","BNK20200520000000065","Lusaka Business Centre","","","","","","","","","","","","","","","","","","","","","","","","","","","","","","","","","",""
"","","","","","","","","","","","","","","BRH20200760000000427","BNK20200520000000065","Kitwe","","","","","","","","","","","","","","","","","","","","","","","","","","","","","","","","","",""
"","","","","","","","","","","","","","","BRH20200760000000428","BNK20200550000000081","Lusaka","","","","","","","","","","","","","","","","","","","","","","","","","","","","","","","","","",""
"","","","","","","","","","","","","","","BRH20200760000000429","BNK20200550000000081","Arcades","","","","","","","","","","","","","","","","","","","","","","","","","","","","","","","","","",""
"","","","","","","","","","","","","","","BRH20200760000000430","BNK20200550000000081","Savings Centre","","","","","","","","","","","","","","","","","","","","","","","","","","","","","","","","","",""
"","","","","","","","","","","","","","","BRH20200760000000431","BNK20200550000000081","Odys Branch","","","","","","","","","","","","","","","","","","","","","","","","","","","","","","","","","",""
"","","","","","","","","","","","","","","BRH20200760000000432","BNK20200550000000081","Industrial","","","","","","","","","","","","","","","","","","","","","","","","","","","","","","","","","",""
"","","","","","","","","","","","","","","BRH20200760000000433","BNK20200550000000081","Soweto","","","","","","","","","","","","","","","","","","","","","","","","","","","","","","","","","",""
"","","","","","","","","","","","","","","BRH20200760000000434","BNK20200550000000081","Kafue Road","","","","","","","","","","","","","","","","","","","","","","","","","","","","","","","","","",""
"","","","","","","","","","","","","","","BRH20200760000000435","BNK20200550000000081","Manda Hill","","","","","","","","","","","","","","","","","","","","","","","","","","","","","","","","","",""
"","","","","","","","","","","","","","","BRH20200760000000436","BNK20200550000000081","Mulungushi","","","","","","","","","","","","","","","","","","","","","","","","","","","","","","","","","",""
"","","","","","","","","","","","","","","BRH20200760000000437","BNK20200550000000081","Levy Business","","","","","","","","","","","","","","","","","","","","","","","","","","","","","","","","","",""
"","","","","","","","","","","","","","","BRH20200760000000438","BNK20200550000000081","Mumbwa Road","","","","","","","","","","","","","","","","","","","","","","","","","","","","","","","","","",""
"","","","","","","","","","","","","","","BRH20200760000000439","BNK20200550000000081","Head Office","","","","","","","","","","","","","","","","","","","","","","","","","","","","","","","","","",""
"","","","","","","","","","","","","","","BRH20200760000000440","BNK20200550000000081","President Avenue","","","","","","","","","","","","","","","","","","","","","","","","","","","","","","","","","",""
"","","","","","","","","","","","","","","BRH20200760000000441","BNK20200550000000081","Buteko","","","","","","","","","","","","","","","","","","","","","","","","","","","","","","","","","",""
"","","","","","","","","","","","","","","BRH20200760000000442","BNK20200550000000081","Kitwe","","","","","","","","","","","","","","","","","","","","","","","","","","","","","","","","","",""
"","","","","","","","","","","","","","","BRH20200760000000443","BNK20200550000000081","Freedom Avenue","","","","","","","","","","","","","","","","","","","","","","","","","","","","","","","","","",""
"","","","","","","","","","","","","","","BRH20200760000000444","BNK20200550000000081","Copperbelt University (CBU)","","","","","","","","","","","","","","","","","","","","","","","","","","","","","","","","","",""
"","","","","","","","","","","","","","","BRH20200760000000445","BNK20200550000000081","Chingola","","","","","","","","","","","","","","","","","","","","","","","","","","","","","","","","","",""
"","","","","","","","","","","","","","","BRH20200760000000446","BNK20200550000000081","Chililabombwe","","","","","","","","","","","","","","","","","","","","","","","","","","","","","","","","","",""
"","","","","","","","","","","","","","","BRH20200760000000447","BNK20200550000000081","Kabwe","","","","","","","","","","","","","","","","","","","","","","","","","","","","","","","","","",""
"","","","","","","","","","","","","","","BRH20200760000000448","BNK20200550000000081","Livingstone","","","","","","","","","","","","","","","","","","","","","","","","","","","","","","","","","",""
"","","","","","","","","","","","","","","BRH20200760000000449","BNK20200550000000081","Chipata","","","","","","","","","","","","","","","","","","","","","","","","","","","","","","","","","",""
"","","","","","","","","","","","","","","BRH20200760000000450","BNK20200550000000081","Luangwa","","","","","","","","","","","","","","","","","","","","","","","","","","","","","","","","","",""
"","","","","","","","","","","","","","","BRH20200760000000451","BNK20200550000000081","Choma","","","","","","","","","","","","","","","","","","","","","","","","","","","","","","","","","",""
"","","","","","","","","","","","","","","BRH20200760000000452","BNK20200550000000081","Solwezi","","","","","","","","","","","","","","","","","","","","","","","","","","","","","","","","","",""
"","","","","","","","","","","","","","","BRH20200760000000453","BNK20200550000000081","Mongu","","","","","","","","","","","","","","","","","","","","","","","","","","","","","","","","","",""
"","","","","","","","","","","","","","","BRH20200760000000454","BNK20200550000000081","Chirundu","","","","","","","","","","","","","","","","","","","","","","","","","","","","","","","","","",""
"","","","","","","","","","","","","","","BRH20200760000000455","BNK20200550000000081","Lumwana","","","","","","","","","","","","","","","","","","","","","","","","","","","","","","","","","",""
"","","","","","","","","","","","","","","BRH20200760000000456","BNK20200590000000113","Head Office","","","","","","","","","","","","","","","","","","","","","","","","","","","","","","","","","",""
"","","","","","","","","","","","","","","BRH20200760000000457","BNK20200590000000113","Lusaka","","","","","","","","","","","","","","","","","","","","","","","","","","","","","","","","","",""
"","","","","","","","","","","","","","","BRH20200760000000458","BNK20200590000000113","Lusaka Industrial","","","","","","","","","","","","","","","","","","","","","","","","","","","","","","","","","",""
"","","","","","","","","","","","","","","BRH20200760000000459","BNK20200590000000113","Matero","","","","","","","","","","","","","","","","","","","","","","","","","","","","","","","","","",""
"","","","","","","","","","","","","","","BRH20200760000000460","BNK20200590000000113","Mulungushi","","","","","","","","","","","","","","","","","","","","","","","","","","","","","","","","","",""
"","","","","","","","","","","","","","","BRH20200760000000461","BNK20200590000000113","Soweto","","","","","","","","","","","","","","","","","","","","","","","","","","","","","","","","","",""
"","","","","","","","","","","","","","","BRH20200760000000462","BNK20200590000000113","Kabwata","","","","","","","","","","","","","","","","","","","","","","","","","","","","","","","","","",""
"","","","","","","","","","","","","","","BRH20200760000000463","BNK20200590000000113","Private Banking","","","","","","","","","","","","","","","","","","","","","","","","","","","","","","","","","",""
"","","","","","","","","","","","","","","BRH20200760000000464","BNK20200590000000113","Kabulonga","","","","","","","","","","","","","","","","","","","","","","","","","","","","","","","","","",""
"","","","","","","","","","","","","","","BRH20200760000000465","BNK20200590000000113","Woodlands","","","","","","","","","","","","","","","","","","","","","","","","","","","","","","","","","",""
"","","","","","","","","","","","","","","BRH20200760000000466","BNK20200590000000113","Waterfall","","","","","","","","","","","","","","","","","","","","","","","","","","","","","","","","","",""
"","","","","","","","","","","","","","","BRH20200760000000467","BNK20200590000000113","Cosmopolitan Mall","","","","","","","","","","","","","","","","","","","","","","","","","","","","","","","","","",""
"","","","","","","","","","","","","","","BRH20200760000000468","BNK20200590000000113","East Park Mall","","","","","","","","","","","","","","","","","","","","","","","","","","","","","","","","","",""
"","","","","","","","","","","","","","","BRH20200760000000469","BNK20200590000000113","Ndola Main","","","","","","","","","","","","","","","","","","","","","","","","","","","","","","","","","",""
"","","","","","","","","","","","","","","BRH20200760000000470","BNK20200590000000113","Arcades","","","","","","","","","","","","","","","","","","","","","","","","","","","","","","","","","",""
"","","","","","","","","","","","","","","BRH20200760000000471","BNK20200590000000113","Ndola South","","","","","","","","","","","","","","","","","","","","","","","","","","","","","","","","","",""
"","","","","","","","","","","","","","","BRH20200760000000472","BNK20200590000000113","Kafubu Mall","","","","","","","","","","","","","","","","","","","","","","","","","","","","","","","","","",""
"","","","","","","","","","","","","","","BRH20200760000000473","BNK20200590000000113","Kitwe","","","","","","","","","","","","","","","","","","","","","","","","","","","","","","","","","",""
"","","","","","","","","","","","","","","BRH20200760000000474","BNK20200590000000113","Chisokone","","","","","","","","","","","","","","","","","","","","","","","","","","","","","","","","","",""
"","","","","","","","","","","","","","","BRH20200760000000475","BNK20200590000000113","Mukuba Mall","","","","","","","","","","","","","","","","","","","","","","","","","","","","","","","","","",""
"","","","","","","","","","","","","","","BRH20200760000000476","BNK20200590000000113","Chingola","","","","","","","","","","","","","","","","","","","","","","","","","","","","","","","","","",""
"","","","","","","","","","","","","","","BRH20200760000000477","BNK20200590000000113","Mufulira","","","","","","","","","","","","","","","","","","","","","","","","","","","","","","","","","",""
"","","","","","","","","","","","","","","BRH20200760000000478","BNK20200590000000113","Kabwe","","","","","","","","","","","","","","","","","","","","","","","","","","","","","","","","","",""
"","","","","","","","","","","","","","","BRH20200760000000479","BNK20200590000000113","Livingstone","","","","","","","","","","","","","","","","","","","","","","","","","","","","","","","","","",""
"","","","","","","","","","","","","","","BRH20200760000000480","BNK20200590000000113","Chipata","","","","","","","","","","","","","","","","","","","","","","","","","","","","","","","","","",""
"","","","","","","","","","","","","","","BRH20200760000000481","BNK20200590000000113","Choma","","","","","","","","","","","","","","","","","","","","","","","","","","","","","","","","","",""
"","","","","","","","","","","","","","","BRH20200760000000482","BNK20200590000000113","Mkushi","","","","","","","","","","","","","","","","","","","","","","","","","","","","","","","","","",""
"","","","","","","","","","","","","","","BRH20200760000000483","BNK20200590000000113","Solwezi","","","","","","","","","","","","","","","","","","","","","","","","","","","","","","","","","",""
"","","","","","","","","","","","","","","BRH20200760000000484","BNK20200590000000113","Kafue","","","","","","","","","","","","","","","","","","","","","","","","","","","","","","","","","",""
"","","","","","","","","","","","","","","BRH20200760000000485","BNK20200590000000113","Mazabuka","","","","","","","","","","","","","","","","","","","","","","","","","","","","","","","","","",""
"","","","","","","","","","","","","","","BRH20200760000000486","BNK20200590000000113","Lumwana","","","","","","","","","","","","","","","","","","","","","","","","","","","","","","","","","",""
"","","","","","","","","","","","","","","BRH20200760000000487","BNK20200590000000113","Chambishi","","","","","","","","","","","","","","","","","","","","","","","","","","","","","","","","","",""
"","","","","","","","","","","","","","","BRH20200760000000488","BNK20200590000000119","Customer Service","","","","","","","","","","","","","","","","","","","","","","","","","","","","","","","","","",""
"","","","","","","","","","","","","","","BRH20200760000000489","BNK20200590000000119","Financial Control","","","","","","","","","","","","","","","","","","","","","","","","","","","","","","","","","",""
"","","","","","","","","","","","","","","BRH20200760000000490","BNK20200590000000119","Kabulonga","","","","","","","","","","","","","","","","","","","","","","","","","","","","","","","","","",""
"","","","","","","","","","","","","","","BRH20200760000000491","BNK20200590000000119","Cross Roads","","","","","","","","","","","","","","","","","","","","","","","","","","","","","","","","","",""
"","","","","","","","","","","","","","","BRH20200760000000492","BNK20200590000000119","Lusaka Main","","","","","","","","","","","","","","","","","","","","","","","","","","","","","","","","","",""
"","","","","","","","","","","","","","","BRH20200760000000493","BNK20200590000000119","Levy Park","","","","","","","","","","","","","","","","","","","","","","","","","","","","","","","","","",""
"","","","","","","","","","","","","","","BRH20200760000000494","BNK20200590000000119","Manda Hill","","","","","","","","","","","","","","","","","","","","","","","","","","","","","","","","","",""
"","","","","","","","","","","","","","","BRH20200760000000495","BNK20200590000000119","North end","","","","","","","","","","","","","","","","","","","","","","","","","","","","","","","","","",""
"","","","","","","","","","","","","","","BRH20200760000000496","BNK20200590000000119","Jacaranda Mall","","","","","","","","","","","","","","","","","","","","","","","","","","","","","","","","","",""
"","","","","","","","","","","","","","","BRH20200760000000497","BNK20200590000000119","Buteko","","","","","","","","","","","","","","","","","","","","","","","","","","","","","","","","","",""
"","","","","","","","","","","","","","","BRH20200760000000498","BNK20200590000000119","Zambia Way","","","","","","","","","","","","","","","","","","","","","","","","","","","","","","","","","",""
"","","","","","","","","","","","","","","BRH20200760000000499","BNK20200590000000119","Chingola","","","","","","","","","","","","","","","","","","","","","","","","","","","","","","","","","",""
"","","","","","","","","","","","","","","BRH20200760000000500","BNK20200590000000119","Chililabombwe","","","","","","","","","","","","","","","","","","","","","","","","","","","","","","","","","",""
"","","","","","","","","","","","","","","BRH20200760000000501","BNK20200590000000119","Luanshya","","","","","","","","","","","","","","","","","","","","","","","","","","","","","","","","","",""
"","","","","","","","","","","","","","","BRH20200760000000502","BNK20200590000000119","Kasama","","","","","","","","","","","","","","","","","","","","","","","","","","","","","","","","","",""
"","","","","","","","","","","","","","","BRH20200760000000503","BNK20200590000000119","Livingstone","","","","","","","","","","","","","","","","","","","","","","","","","","","","","","","","","",""
"","","","","","","","","","","","","","","BRH20200760000000504","BNK20200590000000119","Choma","","","","","","","","","","","","","","","","","","","","","","","","","","","","","","","","","",""
"","","","","","","","","","","","","","","BRH20200760000000505","BNK20200590000000119","Solwezi","","","","","","","","","","","","","","","","","","","","","","","","","","","","","","","","","",""
"","","","","","","","","","","","","","","BRH20200760000000506","BNK20200590000000119","Mongu","","","","","","","","","","","","","","","","","","","","","","","","","","","","","","","","","",""
"","","","","","","","","","","","","","","BRH20200760000000507","BNK20200590000000119","Mazabuka","","","","","","","","","","","","","","","","","","","","","","","","","","","","","","","","","",""
"","","","","","","","","","","","","","","BRH20200760000000508","BNK20200590000000120","Lusaka","","","","","","","","","","","","","","","","","","","","","","","","","","","","","","","","","",""
"","","","","","","","","","","","","","","BRH20200760000000509","BNK20200590000000120","Kitwe","","","","","","","","","","","","","","","","","","","","","","","","","","","","","","","","","",""
"","","","","","","","","","","","","","","BRH20200760000000510","BNK20200590000000121","Head Office","","","","","","","","","","","","","","","","","","","","","","","","","","","","","","","","","",""
"","","","","","","","","","","","","","","BRH20200760000000511","BNK20200590000000121","Kamwala","","","","","","","","","","","","","","","","","","","","","","","","","","","","","","","","","",""
"","","","","","","","","","","","","","","BRH20200760000000512","BNK20200590000000121","Cairo","","","","","","","","","","","","","","","","","","","","","","","","","","","","","","","","","",""
"","","","","","","","","","","","","","","BRH20200760000000513","BNK20200590000000121","Ndola","","","","","","","","","","","","","","","","","","","","","","","","","","","","","","","","","",""
"","","","","","","","","","","","","","","BRH20200760000000514","BNK20200590000000121","Kitwe","","","","","","","","","","","","","","","","","","","","","","","","","","","","","","","","","",""
"","","","","","","","","","","","","","","BRH20200760000000515","BNK20200590000000122","Head Office","","","","","","","","","","","","","","","","","","","","","","","","","","","","","","","","","",""
"","","","","","","","","","","","","","","BRH20200760000000516","BNK20200590000000122","Lusaka Business Centre","","","","","","","","","","","","","","","","","","","","","","","","","","","","","","","","","",""
"","","","","","","","","","","","","","","BRH20200760000000517","BNK20200590000000122","Digital Banking","","","","","","","","","","","","","","","","","","","","","","","","","","","","","","","","","",""
"","","","","","","","","","","","","","","BRH20200760000000518","BNK20200590000000122","Kitwe","","","","","","","","","","","","","","","","","","","","","","","","","","","","","","","","","",""
"","","","","","","","","","","","","","","BRH20200760000000519","BNK20200590000000123","Head Office","","","","","","","","","","","","","","","","","","","","","","","","","","","","","","","","","",""
"","","","","","","","","","","","","","","BRH20200760000000520","BNK20200590000000123","International Bank","","","","","","","","","","","","","","","","","","","","","","","","","","","","","","","","","",""
"","","","","","","","","","","","","","","BRH20200760000000521","BNK20200590000000123","Lusaka Business Centre","","","","","","","","","","","","","","","","","","","","","","","","","","","","","","","","","",""
"","","","","","","","","","","","","","","BRH20200760000000522","BNK20200590000000123","Head Office Processing Centre","","","","","","","","","","","","","","","","","","","","","","","","","","","","","","","","","",""
"","","","","","","","","","","","","","","BRH20200760000000523","BNK20200590000000123","Cairo Business Centre","","","","","","","","","","","","","","","","","","","","","","","","","","","","","","","","","",""
"","","","","","","","","","","","","","","BRH20200760000000524","BNK20200590000000123","Lusaka Northend","","","","","","","","","","","","","","","","","","","","","","","","","","","","","","","","","",""
"","","","","","","","","","","","","","","BRH20200760000000525","BNK20200590000000123","Government Business Centre","","","","","","","","","","","","","","","","","","","","","","","","","","","","","","","","","",""
"","","","","","","","","","","","","","","BRH20200760000000526","BNK20200590000000123","Lusaka Centre","","","","","","","","","","","","","","","","","","","","","","","","","","","","","","","","","",""
"","","","","","","","","","","","","","","BRH20200760000000527","BNK20200590000000123","Lusaka Kwacha","","","","","","","","","","","","","","","","","","","","","","","","","","","","","","","","","",""
"","","","","","","","","","","","","","","BRH20200760000000528","BNK20200590000000123","Debt Recovery","","","","","","","","","","","","","","","","","","","","","","","","","","","","","","","","","",""
"","","","","","","","","","","","","","","BRH20200760000000529","BNK20200590000000123","Lusaka Premium House","","","","","","","","","","","","","","","","","","","","","","","","","","","","","","","","","",""
"","","","","","","","","","","","","","","BRH20200760000000530","BNK20200590000000123","Lusaka Civic Centre","","","","","","","","","","","","","","","","","","","","","","","","","","","","","","","","","",""
"","","","","","","","","","","","","","","BRH20200760000000531","BNK20200590000000123","Twin Palms Mall","","","","","","","","","","","","","","","","","","","","","","","","","","","","","","","","","",""
"","","","","","","","","","","","","","","BRH20200760000000532","BNK20200590000000123","Northmead","","","","","","","","","","","","","","","","","","","","","","","","","","","","","","","","","",""
"","","","","","","","","","","","","","","BRH20200760000000533","BNK20200590000000123","Manda Hill","","","","","","","","","","","","","","","","","","","","","","","","","","","","","","","","","",""
"","","","","","","","","","","","","","","BRH20200760000000534","BNK20200590000000123","Xapit","","","","","","","","","","","","","","","","","","","","","","","","","","","","","","","","","",""
"","","","","","","","","","","","","","","BRH20200760000000535","BNK20200590000000123","Government Complex","","","","","","","","","","","","","","","","","","","","","","","","","","","","","","","","","",""
"","","","","","","","","","","","","","","BRH20200760000000536","BNK20200590000000123","Woodlands","","","","","","","","","","","","","","","","","","","","","","","","","","","","","","","","","",""
"","","","","","","","","","","","","","","BRH20200760000000537","BNK20200590000000123","Acacia Park","","","","","","","","","","","","","","","","","","","","","","","","","","","","","","","","","",""
"","","","","","","","","","","","","","","BRH20200760000000538","BNK20200590000000123","Digital","","","","","","","","","","","","","","","","","","","","","","","","","","","","","","","","","",""
"","","","","","","","","","","","","","","BRH20200760000000539","BNK20200590000000123","Waterfalls","","","","","","","","","","","","","","","","","","","","","","","","","","","","","","","","","",""
"","","","","","","","","","","","","","","BRH20200760000000540","BNK20200590000000123","Ndola Business Centre","","","","","","","","","","","","","","","","","","","","","","","","","","","","","","","","","",""
"","","","","","","","","","","","","","","BRH20200760000000541","BNK20200590000000123","Ndola West","","","","","","","","","","","","","","","","","","","","","","","","","","","","","","","","","",""
"","","","","","","","","","","","","","","BRH20200760000000542","BNK20200590000000123","Ndola Industrial","","","","","","","","","","","","","","","","","","","","","","","","","","","","","","","","","",""
"","","","","","","","","","","","","","","BRH20200760000000543","BNK20200590000000123","Kitwe Clearing Centre","","","","","","","","","","","","","","","","","","","","","","","","","","","","","","","","","",""
"","","","","","","","","","","","","","","BRH20200760000000544","BNK20200590000000123","Kitwe Obote","","","","","","","","","","","","","","","","","","","","","","","","","","","","","","","","","",""
"","","","","","","","","","","","","","","BRH20200760000000545","BNK20200590000000123","Kitwe Industrial","","","","","","","","","","","","","","","","","","","","","","","","","","","","","","","","","",""
"","","","","","","","","","","","","","","BRH20200760000000546","BNK20200590000000123","Mukuba","","","","","","","","","","","","","","","","","","","","","","","","","","","","","","","","","",""
"","","","","","","","","","","","","","","BRH20200760000000547","BNK20200590000000123","Chingola","","","","","","","","","","","","","","","","","","","","","","","","","","","","","","","","","",""
"","","","","","","","","","","","","","","BRH20200760000000548","BNK20200590000000123","Mufulira","","","","","","","","","","","","","","","","","","","","","","","","","","","","","","","","","",""
"","","","","","","","","","","","","","","BRH20200760000000549","BNK20200590000000123","Luanshya","","","","","","","","","","","","","","","","","","","","","","","","","","","","","","","","","",""
"","","","","","","","","","","","","","","BRH20200760000000550","BNK20200590000000123","Kasama","","","","","","","","","","","","","","","","","","","","","","","","","","","","","","","","","",""
"","","","","","","","","","","","","","","BRH20200760000000551","BNK20200590000000123","Kabwe","","","","","","","","","","","","","","","","","","","","","","","","","","","","","","","","","",""
"","","","","","","","","","","","","","","BRH20200760000000552","BNK20200590000000123","Livingstone","","","","","","","","","","","","","","","","","","","","","","","","","","","","","","","","","",""
"","","","","","","","","","","","","","","BRH20200760000000553","BNK20200590000000123","Chipata","","","","","","","","","","","","","","","","","","","","","","","","","","","","","","","","","",""
"","","","","","","","","","","","","","","BRH20200760000000554","BNK20200590000000123","Choma","","","","","","","","","","","","","","","","","","","","","","","","","","","","","","","","","",""
"","","","","","","","","","","","","","","BRH20200760000000555","BNK20200590000000123","Nakonde","","","","","","","","","","","","","","","","","","","","","","","","","","","","","","","","","",""
"","","","","","","","","","","","","","","BRH20200760000000556","BNK20200590000000123","Chinsali","","","","","","","","","","","","","","","","","","","","","","","","","","","","","","","","","",""
"","","","","","","","","","","","","","","BRH20200760000000557","BNK20200590000000123","Mpika","","","","","","","","","","","","","","","","","","","","","","","","","","","","","","","","","",""
"","","","","","","","","","","","","","","BRH20200760000000558","BNK20200590000000123","Mansa","","","","","","","","","","","","","","","","","","","","","","","","","","","","","","","","","",""
"","","","","","","","","","","","","","","BRH20200760000000559","BNK20200590000000123","Kawambwa","","","","","","","","","","","","","","","","","","","","","","","","","","","","","","","","","",""
"","","","","","","","","","","","","","","BRH20200760000000560","BNK20200590000000123","Mkushi","","","","","","","","","","","","","","","","","","","","","","","","","","","","","","","","","",""
"","","","","","","","","","","","","","","BRH20200760000000561","BNK20200590000000123","Kapiri Mposhi","","","","","","","","","","","","","","","","","","","","","","","","","","","","","","","","","",""
"","","","","","","","","","","","","","","BRH20200760000000562","BNK20200590000000123","Namwala","","","","","","","","","","","","","","","","","","","","","","","","","","","","","","","","","",""
"","","","","","","","","","","","","","","BRH20200760000000563","BNK20200590000000123","Mfuwe","","","","","","","","","","","","","","","","","","","","","","","","","","","","","","","","","",""
"","","","","","","","","","","","","","","BRH20200760000000564","BNK20200590000000123","Siavonga","","","","","","","","","","","","","","","","","","","","","","","","","","","","","","","","","",""
"","","","","","","","","","","","","","","BRH20200760000000565","BNK20200590000000123","Mongu","","","","","","","","","","","","","","","","","","","","","","","","","","","","","","","","","",""
"","","","","","","","","","","","","","","BRH20200760000000566","BNK20200590000000123","Avondale","","","","","","","","","","","","","","","","","","","","","","","","","","","","","","","","","",""
"","","","","","","","","","","","","","","BRH20200760000000567","BNK20200590000000123","Kafue","","","","","","","","","","","","","","","","","","","","","","","","","","","","","","","","","",""
"","","","","","","","","","","","","","","BRH20200760000000568","BNK20200590000000123","Chirundu","","","","","","","","","","","","","","","","","","","","","","","","","","","","","","","","","",""
"","","","","","","","","","","","","","","BRH20200760000000569","BNK20200590000000123","Mazabuka","","","","","","","","","","","","","","","","","","","","","","","","","","","","","","","","","",""
"","","","","","","","","","","","","","","BRH20200760000000570","BNK20200590000000123","Monze","","","","","","","","","","","","","","","","","","","","","","","","","","","","","","","","","",""
"","","","","","","","","","","","","","","BRH20200760000000571","BNK20200590000000123","Maamba","","","","","","","","","","","","","","","","","","","","","","","","","","","","","","","","","",""
"","","","","","","","","","","","","","","BRH20200760000000572","BNK20200590000000123","Lundazi","","","","","","","","","","","","","","","","","","","","","","","","","","","","","","","","","",""
"","","","","","","","","","","","","","","BRH20200760000000573","BNK20200590000000123","Petauke","","","","","","","","","","","","","","","","","","","","","","","","","","","","","","","","","",""
"","","","","","","","","","","","","","","BRH20200760000000574","BNK20200590000000123","Chisamba","","","","","","","","","","","","","","","","","","","","","","","","","","","","","","","","","",""
"","","","","","","","","","","","","","","BRH20200760000000575","BNK20200590000000123","Itezhi Tezhi","","","","","","","","","","","","","","","","","","","","","","","","","","","","","","","","","",""
"","","","","","","","","","","","","","","BRH20200760000000576","BNK20200590000000123","Senanga","","","","","","","","","","","","","","","","","","","","","","","","","","","","","","","","","",""
"","","","","","","","","","","","","","","BRH20200760000000577","BNK20200480000000053","Commercial Suite","","","","","","","","","","","","","","","","","","","","","","","","","","","","","","","","","",""
"","","","","","","","","","","","","","","BRH20200760000000578","BNK20200480000000053","Industrial","","","","","","","","","","","","","","","","","","","","","","","","","","","","","","","","","",""
"","","","","","","","","","","","","","","BRH20200760000000579","BNK20200480000000053","FNB Operation Centre","","","","","","","","","","","","","","","","","","","","","","","","","","","","","","","","","",""
"","","","","","","","","","","","","","","BRH20200760000000580","BNK20200480000000053","Head Office","","","","","","","","","","","","","","","","","","","","","","","","","","","","","","","","","",""
"","","","","","","","","","","","","","","BRH20200760000000581","BNK20200480000000053","Electronic Banking","","","","","","","","","","","","","","","","","","","","","","","","","","","","","","","","","",""
"","","","","","","","","","","","","","","BRH20200760000000582","BNK20200480000000053","Treasury","","","","","","","","","","","","","","","","","","","","","","","","","","","","","","","","","",""
"","","","","","","","","","","","","","","BRH20200760000000583","BNK20200480000000053","Manda Hill","","","","","","","","","","","","","","","","","","","","","","","","","","","","","","","","","",""
"","","","","","","","","","","","","","","BRH20200760000000584","BNK20200480000000053","Vehicle and Asset Finance","","","","","","","","","","","","","","","","","","","","","","","","","","","","","","","","","",""
"","","","","","","","","","","","","","","BRH20200760000000585","BNK20200480000000053","Makeni Mall","","","","","","","","","","","","","","","","","","","","","","","","","","","","","","","","","",""
"","","","","","","","","","","","","","","BRH20200760000000586","BNK20200480000000053","Home Loan","","","","","","","","","","","","","","","","","","","","","","","","","","","","","","","","","",""
"","","","","","","","","","","","","","","BRH20200760000000587","BNK20200480000000053","Branchless Banking","","","","","","","","","","","","","","","","","","","","","","","","","","","","","","","","","",""
"","","","","","","","","","","","","","","BRH20200760000000588","BNK20200480000000053","Electronic Wallet","","","","","","","","","","","","","","","","","","","","","","","","","","","","","","","","","",""
"","","","","","","","","","","","","","","BRH20200760000000589","BNK20200480000000053","CIB Corporate","","","","","","","","","","","","","","","","","","","","","","","","","","","","","","","","","",""
"","","","","","","","","","","","","","","BRH20200760000000590","BNK20200480000000053","Premier Banking","","","","","","","","","","","","","","","","","","","","","","","","","","","","","","","","","",""
"","","","","","","","","","","","","","","BRH20200760000000591","BNK20200480000000053","Agriculture Centre","","","","","","","","","","","","","","","","","","","","","","","","","","","","","","","","","",""
"","","","","","","","","","","","","","","BRH20200760000000592","BNK20200480000000053","Corporate Investment Banking","","","","","","","","","","","","","","","","","","","","","","","","","","","","","","","","","",""
"","","","","","","","","","","","","","","BRH20200760000000593","BNK20200480000000053","Chilenje","","","","","","","","","","","","","","","","","","","","","","","","","","","","","","","","","",""
"","","","","","","","","","","","","","","BRH20200760000000594","BNK20200480000000053","Cash Centre","","","","","","","","","","","","","","","","","","","","","","","","","","","","","","","","","",""
"","","","","","","","","","","","","","","BRH20200760000000595","BNK20200480000000053","PHI Branch","","","","","","","","","","","","","","","","","","","","","","","","","","","","","","","","","",""
"","","","","","","","","","","","","","","BRH20200760000000596","BNK20200480000000053","Cairo","","","","","","","","","","","","","","","","","","","","","","","","","","","","","","","","","",""
"","","","","","","","","","","","","","","BRH20200760000000597","BNK20200480000000053","Kabulonga","","","","","","","","","","","","","","","","","","","","","","","","","","","","","","","","","",""
"","","","","","","","","","","","","","","BRH20200760000000598","BNK20200480000000053","Ndola","","","","","","","","","","","","","","","","","","","","","","","","","","","","","","","","","",""
"","","","","","","","","","","","","","","BRH20200760000000599","BNK20200480000000053","Jacaranda Mall","","","","","","","","","","","","","","","","","","","","","","","","","","","","","","","","","",""
"","","","","","","","","","","","","","","BRH20200760000000600","BNK20200480000000053","Kitwe","","","","","","","","","","","","","","","","","","","","","","","","","","","","","","","","","",""
"","","","","","","","","","","","","","","BRH20200760000000601","BNK20200480000000053","Mukuba Mall","","","","","","","","","","","","","","","","","","","","","","","","","","","","","","","","","",""
"","","","","","","","","","","","","","","BRH20200760000000602","BNK20200480000000053","Kitwe Industrial","","","","","","","","","","","","","","","","","","","","","","","","","","","","","","","","","",""
"","","","","","","","","","","","","","","BRH20200760000000603","BNK20200480000000053","Chingola","","","","","","","","","","","","","","","","","","","","","","","","","","","","","","","","","",""
"","","","","","","","","","","","","","","BRH20200760000000604","BNK20200480000000053","Mufulira","","","","","","","","","","","","","","","","","","","","","","","","","","","","","","","","","",""
"","","","","","","","","","","","","","","BRH20200760000000605","BNK20200480000000053","Luanshya","","","","","","","","","","","","","","","","","","","","","","","","","","","","","","","","","",""
"","","","","","","","","","","","","","","BRH20200760000000606","BNK20200480000000053","Kabwe","","","","","","","","","","","","","","","","","","","","","","","","","","","","","","","","","",""
"","","","","","","","","","","","","","","BRH20200760000000607","BNK20200480000000053","Livingstone","","","","","","","","","","","","","","","","","","","","","","","","","","","","","","","","","",""
"","","","","","","","","","","","","","","BRH20200760000000608","BNK20200480000000053","Chipata","","","","","","","","","","","","","","","","","","","","","","","","","","","","","","","","","",""
"","","","","","","","","","","","","","","BRH20200760000000609","BNK20200480000000053","Choma","","","","","","","","","","","","","","","","","","","","","","","","","","","","","","","","","",""
"","","","","","","","","","","","","","","BRH20200760000000610","BNK20200480000000053","Mkushi","","","","","","","","","","","","","","","","","","","","","","","","","","","","","","","","","",""
"","","","","","","","","","","","","","","BRH20200760000000611","BNK20200480000000053","Solwezi","","","","","","","","","","","","","","","","","","","","","","","","","","","","","","","","","",""
"","","","","","","","","","","","","","","BRH20200760000000612","BNK20200480000000053","Kalumbila","","","","","","","","","","","","","","","","","","","","","","","","","","","","","","","","","",""
"","","","","","","","","","","","","","","BRH20200760000000613","BNK20200480000000053","Mazabuka","","","","","","","","","","","","","","","","","","","","","","","","","","","","","","","","","",""
"","","","","","","","","","","","","","","BRH20200760000000615","BNK20200760000000614","Cosmopolitan","","","","","","","","","","","","","","","","","","","","","","","","","","","","","","","","","",""
"","","","","","","","","","","","","","","BRH20200760000000616","BNK20200590000000123","Solwezi","","","","","","","","","","","","","","","","","","","","","","","","","","","","","","","","","",""
"","","","","","","","","","","","","","","BRH20200760000000617","BNK20200590000000123","City Market","","","","","","","","","","","","","","","","","","","","","","","","","","","","","","","","","",""
"","","","","","","","","","","","","","","BRH20200830000000073","BNK20200830000000616","Petauke Branch","","","","","","","","","","","","","","","","","","","","","","","","","","","","","","","","","",""
"","","","","","","","","","","","","","","BRH20200830000000074","BNK20200830000000616","Manda Hill Branch","","","","","","","","","","","","","","","","","","","","","","","","","","","","","","","","","",""
"","","","","","","","","","","","","","","BRH20200830000000075","BNK20200830000000616","Matero Branch","","","","","","","","","","","","","","","","","","","","","","","","","","","","","","","","","",""
"","","","","","","","","","","","","","","BRH20200830000000076","BNK20200830000000616","Mkushi Branch","","","","","","","","","","","","","","","","","","","","","","","","","","","","","","","","","",""
"","","","","","","","","","","","","","","BRH20200830000000077","BNK20200830000000616","Mbala Branch Zambia","","","","","","","","","","","","","","","","","","","","","","","","","","","","","","","","","",""
"","","","","","","","","","","","","","","BRH20200830000000078","BNK20200830000000616","Longacres Prestige Branch","","","","","","","","","","","","","","","","","","","","","","","","","","","","","","","","","",""
"","","","","","","","","","","","","","","BRH20200830000000079","BNK20200830000000616","Lusaka Corporate Service Centre Branch","","","","","","","","","","","","","","","","","","","","","","","","","","","","","","","","","",""
"","","","","","","","","","","","","","","BRH20200830000000080","BNK20200830000000616","Mansa Branch","","","","","","","","","","","","","","","","","","","","","","","","","","","","","","","","","",""
"","","","","","","","","","","","","","","BRH20201920000000623","BNK20201490000000621","Chama","","","","","","","","","","","","","","","","","","","","","","","","","","","","","","","","","",""
"","","","","","","","","","","","","","","BRH20201920000000624","BNK20201490000000621","Chavuma","","","","","","","","","","","","","","","","","","","","","","","","","","","","","","","","","",""
"","","","","","","","","","","","","","","BRH20201920000000625","BNK20201490000000621","Chilubi Island","","","","","","","","","","","","","","","","","","","","","","","","","","","","","","","","","",""
"","","","","","","","","","","","","","","BRH20201920000000626","BNK20201490000000621","Chimwemwe","","","","","","","","","","","","","","","","","","","","","","","","","","","","","","","","","",""
"","","","","","","","","","","","","","","BRH20201920000000627","BNK20201490000000621","Chinsali","","","","","","","","","","","","","","","","","","","","","","","","","","","","","","","","","",""
"","","","","","","","","","","","","","","BRH20201920000000628","BNK20201490000000621","Chipata","","","","","","","","","","","","","","","","","","","","","","","","","","","","","","","","","",""
"","","","","","","","","","","","","","","BRH20201920000000629","BNK20201490000000621","Choma","","","","","","","","","","","","","","","","","","","","","","","","","","","","","","","","","",""
"","","","","","","","","","","","","","","BRH20201920000000630","BNK20201490000000621","Chongwe","","","","","","","","","","","","","","","","","","","","","","","","","","","","","","","","","",""
"","","","","","","","","","","","","","","BRH20201920000000631","BNK20201490000000621","Kabwe","","","","","","","","","","","","","","","","","","","","","","","","","","","","","","","","","",""
"","","","","","","","","","","","","","","BRH20201920000000632","BNK20201490000000621","Kalabo","","","","","","","","","","","","","","","","","","","","","","","","","","","","","","","","","",""
"","","","","","","","","","","","","","","BRH20201920000000633","BNK20201490000000621","Kaputa","","","","","","","","","","","","","","","","","","","","","","","","","","","","","","","","","",""
"","","","","","","","","","","","","","","BRH20201920000000634","BNK20201490000000621","Kasama","","","","","","","","","","","","","","","","","","","","","","","","","","","","","","","","","",""
"","","","","","","","","","","","","","","BRH20201920000000635","BNK20201490000000621","Kasempa","","","","","","","","","","","","","","","","","","","","","","","","","","","","","","","","","",""
"","","","","","","","","","","","","","","BRH20201920000000636","BNK20201490000000621","Kazungula","","","","","","","","","","","","","","","","","","","","","","","","","","","","","","","","","",""
"","","","","","","","","","","","","","","BRH20201920000000637","BNK20201490000000621","Kitwe","","","","","","","","","","","","","","","","","","","","","","","","","","","","","","","","","",""
"","","","","","","","","","","","","","","BRH20201920000000638","BNK20201490000000621","Livingstone","","","","","","","","","","","","","","","","","","","","","","","","","","","","","","","","","",""
"","","","","","","","","","","","","","","BRH20201920000000639","BNK20201490000000621","Luanshya","","","","","","","","","","","","","","","","","","","","","","","","","","","","","","","","","",""
"","","","","","","","","","","","","","","BRH20201920000000640","BNK20201490000000621","Lumwana","","","","","","","","","","","","","","","","","","","","","","","","","","","","","","","","","",""
"","","","","","","","","","","","","","","BRH20201920000000641","BNK20201490000000621","Lufwanyama","","","","","","","","","","","","","","","","","","","","","","","","","","","","","","","","","",""
"","","","","","","","","","","","","","","BRH20201920000000642","BNK20201490000000621","Lukulu","","","","","","","","","","","","","","","","","","","","","","","","","","","","","","","","","",""
"","","","","","","","","","","","","","","BRH20201920000000643","BNK20201490000000621","Credit Centre","","","","","","","","","","","","","","","","","","","","","","","","","","","","","","","","","",""
"","","","","","","","","","","","","","","BRH20201920000000644","BNK20201490000000621","Lusaka Chilenje","","","","","","","","","","","","","","","","","","","","","","","","","","","","","","","","","",""
"","","","","","","","","","","","","","","BRH20201920000000645","BNK20201490000000621","Lusaka Main Branch","","","","","","","","","","","","","","","","","","","","","","","","","","","","","","","","","",""
"","","","","","","","","","","","","","","BRH20201920000000646","BNK20201490000000621","Lusaka Matero","","","","","","","","","","","","","","","","","","","","","","","","","","","","","","","","","",""
"","","","","","","","","","","","","","","BRH20201920000000647","BNK20201490000000621","Lusaka Northend","","","","","","","","","","","","","","","","","","","","","","","","","","","","","","","","","",""
"","","","","","","","","","","","","","","BRH20201920000000648","BNK20201490000000621","Luwingu","","","","","","","","","","","","","","","","","","","","","","","","","","","","","","","","","",""
"","","","","","","","","","","","","","","BRH20201920000000649","BNK20201490000000621","Mansa","","","","","","","","","","","","","","","","","","","","","","","","","","","","","","","","","",""
"","","","","","","","","","","","","","","BRH20201920000000650","BNK20201490000000621","Mongu","","","","","","","","","","","","","","","","","","","","","","","","","","","","","","","","","",""
"","","","","","","","","","","","","","","BRH20201920000000651","BNK20201490000000621","Mpika","","","","","","","","","","","","","","","","","","","","","","","","","","","","","","","","","",""
"","","","","","","","","","","","","","","BRH20201920000000652","BNK20201490000000621","Mporokoso","","","","","","","","","","","","","","","","","","","","","","","","","","","","","","","","","",""
"","","","","","","","","","","","","","","BRH20201920000000653","BNK20201490000000621","Mpongwe","","","","","","","","","","","","","","","","","","","","","","","","","","","","","","","","","",""
"","","","","","","","","","","","","","","BRH20201920000000654","BNK20201490000000621","Mumbwa","","","","","","","","","","","","","","","","","","","","","","","","","","","","","","","","","",""
"","","","","","","","","","","","","","","BRH20201920000000655","BNK20201490000000621","Mwense","","","","","","","","","","","","","","","","","","","","","","","","","","","","","","","","","",""
"","","","","","","","","","","","","","","BRH20201920000000656","BNK20201490000000621","Nchelenge","","","","","","","","","","","","","","","","","","","","","","","","","","","","","","","","","",""
"","","","","","","","","","","","","","","BRH20201920000000657","BNK20201490000000621","Ndola","","","","","","","","","","","","","","","","","","","","","","","","","","","","","","","","","",""
"","","","","","","","","","","","","","","BRH20201920000000658","BNK20201490000000621","Petauke","","","","","","","","","","","","","","","","","","","","","","","","","","","","","","","","","",""
"","","","","","","","","","","","","","","BRH20201920000000659","BNK20201490000000621","Solwezi","","","","","","","","","","","","","","","","","","","","","","","","","","","","","","","","","",""
"","","","","","","","","","","","","","","BRH20201920000000660","BNK20201490000000621","Zambezi","","","","","","","","","","","","","","","","","","","","","","","","","","","","","","","","","",""
"","","","","","","","","","","","","","","BRH20201920000000661","BNK20201490000000621","Head office","","","","","","","","","","","","","","","","","","","","","","","","","","","","","","","","","",""
"","","","","","","","","","","","","","","BRH20202170000000094","BNK20201490000000621","Cosmopolitan","","","","","","","","","","","","","","","","","","","","","","","","","","","","","","","","","",""
"","","","","","","","","","","","","","","BRH20203020000000095","BNK20203020000000662","Head Office","","","","","","","","","","","","","","","","","","","","","","","","","","","","","","","","","",""
"","","","","","","","","","","","","","","BRH20203020000000096","BNK20203020000000662","Northend","","","","","","","","","","","","","","","","","","","","","","","","","","","","","","","","","",""
"","","","","","","","","","","","","","","BRH20203020000000097","BNK20203020000000662","Longacres","","","","","","","","","","","","","","","","","","","","","","","","","","","","","","","","","",""
"","","","","","","","","","","","","","","BRH20203020000000098","BNK20203020000000662","Arcades","","","","","","","","","","","","","","","","","","","","","","","","","","","","","","","","","",""
"","","","","","","","","","","","","","","BRH20203020000000099","BNK20203020000000662","Ndola Centre Branch","","","","","","","","","","","","","","","","","","","","","","","","","","","","","","","","","",""
"","","","","","","","","","","","","","","BRH20203020000000100","BNK20203020000000662","Kitwe","","","","","","","","","","","","","","","","","","","","","","","","","","","","","","","","","",""
"","","","","","","","","","","","","","","BRH20203020000000101","BNK20203020000000662","Makeni","","","","","","","","","","","","","","","","","","","","","","","","","","","","","","","","","",""
"","","","","","","","","","","","","","","BRH20213160000000103","BNK20213160000000663","Lusaka Business Centre","","","","","","","","","","","","","","","","","","","","","","","","","","","","","","","","","",""
"","","","","","","","","","","","","","","BRH20213350000000104","BNK20203020000000662","Mansa","","","","","","","","","","","","","","","","","","","","","","","","","","","","","","","","","",""
"","","","","","","","","","","","","","","BRH20220760000000108","BNK20201490000000622","Cosmopolitan","","","","","","","","","","","","","","","","","","","","","","","","","","","","","","","","","",""
"","","","","","","","","","","","","","","BRH20222300000000110","BNK20222300000000664","Lusaka Main Branch","","","","","","","","","","","","","","","","","","","","","","","","","","","","","","","","","",""
"","","","","","","","","","","","","","","BRH20233550000000111","BNK20200590000000123","Longacres","","","","","","","","","","","","","","","","","","","","","","","","","","","","","","","","","",""
"","","","","","","","","","","","","","","BRH20242140000000112","BNK20200440000000035","Levy","","","","","","","","","","","","","","","","","","","","","","","","","","","","","","","","","",""
"","","","","","","","","","","","","","","BRH20243230000000125","BNK20203020000000662","Mansa Centre Branch","","","","","","","","","","","","","","","","","","","","","","","","","","","","","","","","","",""
"","","","","","","","","","","","","","","BRH20243230000000126","BNK20203020000000662","Mbala Centre Branch","","","","","","","","","","","","","","","","","","","","","","","","","","","","","","","","","",""
"","","","","","","","","","","","","","","BRH20243230000000127","BNK20203020000000662","Mbala Main Branch","","","","","","","","","","","","","","","","","","","","","","","","","","","","","","","","","",""
"","","","","","","","","","","","","","","BRH20243230000000128","BNK20203020000000662","Ndola Main Branch","","","","","","","","","","","","","","","","","","","","","","","","","","","","","","","","","",""
"","","","","","","","","","","","","","","BRH20243230000000129","BNK20203020000000662","City Mall Branch - Solwezi","","","","","","","","","","","","","","","","","","","","","","","","","","","","","","","","","",""
"","","","","","","","","","","","","","","BRH20243230000000130","BNK20203020000000662","Solwezi Main Branch","","","","","","","","","","","","","","","","","","","","","","","","","","","","","","","","","",""
